step,policy_loss,qf1_loss,qf2_loss,vf_loss,vf_pred,alpha,wall_sec
100,-15.497852325439453,80.144775390625,73.99024200439453,0.03549853339791298,-0.7831107974052429,0.0,4.756559133529663
200,-85.65937805175781,62.33922576904297,45.76948547363281,0.3468307554721832,-3.4665164947509766,0.0,5.817844867706299
300,-74.6021728515625,48.319637298583984,38.964515686035156,2.3284189701080322,-4.539158344268799,0.0,10.180904150009155
400,-124.64892578125,48.10586166381836,37.17461013793945,2.0655620098114014,-7.3538498878479,0.0,14.60556411743164
500,-26.66897964477539,65.81122589111328,54.050865173339844,1.350368618965149,-7.236476421356201,0.0,18.630901098251343
600,-38.122222900390625,73.63945007324219,66.35081481933594,0.7569983005523682,-7.215032577514648,0.0,22.5039701461792
700,-119.65403747558594,62.20018005371094,59.17076110839844,1.1003185510635376,-9.070524215698242,0.0,26.312499046325684
800,-11.42661190032959,76.8067626953125,82.08245849609375,0.8013318777084351,-7.613081932067871,0.0,30.71464729309082
900,-36.6402587890625,93.77726745605469,75.9432144165039,0.7641803026199341,-7.729927062988281,0.0,35.69569396972656
1000,-12.47945499420166,82.9380874633789,82.99796295166016,0.7642298340797424,-7.073439598083496,0.0,37.52055478096008
1100,-20.996204376220703,91.4020004272461,84.30982971191406,0.5730125904083252,-6.457383155822754,0.0,42.09059691429138
1200,-6.122468948364258,103.8660888671875,103.92788696289062,0.569878876209259,-6.712520599365234,0.0,46.7973313331604
1300,-1.3734065294265747,110.9398422241211,104.85517883300781,1.0622406005859375,-4.939924240112305,0.0,52.9076087474823
1400,-3.2569572925567627,106.7223892211914,102.00385284423828,0.735303521156311,-6.863039493560791,0.0,57.84085011482239
1500,-8.475081443786621,103.6163330078125,104.73301696777344,0.5858010053634644,-8.238326072692871,0.0,62.19554853439331
1600,-44.14509582519531,124.57195281982422,131.17535400390625,0.741651713848114,-8.12222671508789,0.0,65.0922703742981
1700,-1.7413159608840942,127.36604309082031,129.1920928955078,0.6365447640419006,-8.467643737792969,0.0,70.95348453521729
1800,-26.889938354492188,114.7737045288086,122.78631591796875,0.6727511882781982,-7.958602428436279,0.0,75.72693300247192
1900,-3.2735280990600586,111.41090393066406,117.52813720703125,0.8982585072517395,-6.085268497467041,0.0,80.7083957195282
2000,-18.67719268798828,120.97349548339844,124.64984130859375,1.007824420928955,-8.746809005737305,0.0,85.87602853775024
2100,-140.15823364257812,139.15269470214844,136.8934326171875,1.2068978548049927,-8.014741897583008,0.0,92.14571523666382
2200,-3.4376747608184814,113.56111145019531,118.0665283203125,0.981997013092041,-7.416418075561523,0.0,94.49601745605469
2300,-4.8853888511657715,117.05381774902344,125.32669830322266,1.0091814994812012,-7.5577826499938965,0.0,99.06554102897644
2400,-12.345319747924805,113.80180358886719,121.2021484375,0.8961812257766724,-10.330609321594238,0.0,103.67065191268921
2500,-17.892927169799805,135.88150024414062,137.4371337890625,0.8597143888473511,-7.527239799499512,0.0,109.5531587600708
2600,-20.0039005279541,112.84723663330078,117.63335418701172,0.9734431505203247,-7.994429588317871,0.0,114.07840657234192
2700,-5.997171401977539,133.98890686035156,135.0546875,0.9490790367126465,-7.008731842041016,0.0,118.6514835357666
2800,-2.7772693634033203,131.93328857421875,136.67593383789062,0.8983544707298279,-8.799980163574219,0.0,123.19044613838196
2900,-5.254727363586426,117.34254455566406,125.71387481689453,1.0666474103927612,-5.950191497802734,0.0,125.19914841651917
3000,-12.423595428466797,132.2292022705078,128.5529327392578,1.4580960273742676,-8.473384857177734,0.0,129.93736171722412
3100,-36.79072570800781,129.21434020996094,131.07327270507812,1.507624626159668,-8.903332710266113,0.0,134.32498383522034
3200,-27.24759864807129,117.6058349609375,120.79444122314453,1.4476444721221924,-6.154505729675293,0.0,138.79886889457703
3300,-19.11093521118164,154.17987060546875,155.24815368652344,1.078502893447876,-6.978298187255859,0.0,145.17610383033752
3400,-8.613000869750977,125.4209213256836,130.84097290039062,1.5742735862731934,-8.464306831359863,0.0,150.91204833984375
3500,-23.29492950439453,128.45643615722656,132.0926055908203,1.3239543437957764,-9.23520278930664,0.0,152.89361476898193
3600,-6.846155166625977,126.19751739501953,120.77195739746094,1.353754997253418,-7.09760856628418,0.0,157.94244408607483
3700,-15.925272941589355,140.57432556152344,137.53976440429688,1.464322566986084,-7.641160011291504,0.0,162.4214243888855
3800,-6.1215996742248535,122.65093231201172,124.59953308105469,1.4937671422958374,-8.953498840332031,0.0,168.01377391815186
3900,-11.880206108093262,113.81808471679688,113.0560531616211,1.5156532526016235,-6.397441387176514,0.0,172.87871837615967
4000,-3.675788402557373,124.6884765625,124.6495590209961,1.5904699563980103,-7.913482189178467,0.0,178.24517393112183
4100,-5.175572395324707,126.29570007324219,110.00015258789062,1.5285232067108154,-7.450940132141113,0.0,183.14986896514893
4200,-7.017648696899414,184.97335815429688,188.14535522460938,1.6109861135482788,-9.068354606628418,0.0,187.17205905914307
4300,-20.35902214050293,131.37583923339844,138.04205322265625,1.473592758178711,-7.334322452545166,0.0,195.20882654190063
4400,-17.405969619750977,127.654296875,128.01368713378906,1.929589867591858,-10.067185401916504,0.0,201.9539303779602
4500,-54.2067756652832,122.90126037597656,120.87464141845703,1.6565933227539062,-9.065171241760254,0.0,209.10284805297852
4600,-27.706478118896484,134.4281768798828,132.0001220703125,2.18342661857605,-9.575129508972168,0.0,212.79905581474304
4700,-35.396934509277344,135.36135864257812,148.05271911621094,1.7762041091918945,-7.402607440948486,0.0,220.07909154891968
4800,-12.470906257629395,113.71882629394531,119.43467712402344,1.8938226699829102,-8.55609130859375,0.0,229.53305625915527
4900,-16.754207611083984,133.4454345703125,130.2401885986328,1.8297770023345947,-9.768838882446289,0.0,237.51445031166077
5000,-9.346429824829102,132.069091796875,133.67617797851562,2.029198408126831,-10.072352409362793,0.0,241.57005190849304
5100,-29.942455291748047,124.35380554199219,121.57320404052734,1.944279670715332,-9.36729621887207,0.0,247.43367719650269
5200,-36.65068054199219,116.79812622070312,115.86775207519531,1.9478360414505005,-7.6587090492248535,0.0,253.10484862327576
5300,-2.3805325031280518,148.6627655029297,134.55441284179688,2.5785906314849854,-8.304459571838379,0.0,258.2519998550415
5400,-26.14617156982422,163.03602600097656,162.6367645263672,2.212236166000366,-10.241305351257324,0.0,263.7208216190338
5500,-26.699127197265625,117.90487670898438,122.1925277709961,2.11134934425354,-6.947671890258789,0.0,268.8470072746277
5600,-33.37136459350586,131.3671417236328,145.26454162597656,2.4891715049743652,-9.034384727478027,0.0,271.9526221752167
5700,-6.534933567047119,136.41067504882812,141.74395751953125,2.506744384765625,-10.938165664672852,0.0,280.5494885444641
5800,-43.530914306640625,131.08258056640625,125.14640045166016,2.310568332672119,-9.463155746459961,0.0,289.85430812835693
5900,-5.916644096374512,133.64773559570312,132.23171997070312,2.149714708328247,-8.022879600524902,0.0,298.2381703853607
6000,-2.70223069190979,126.47542572021484,158.66969299316406,2.7388863563537598,-7.515148162841797,0.0,302.9264748096466
6100,-84.17081451416016,118.77706909179688,125.41961669921875,2.756490468978882,-8.335308074951172,0.0,312.61441564559937
6200,-9.104124069213867,139.90496826171875,138.58795166015625,2.751856565475464,-9.499794006347656,0.0,317.9754853248596
6300,-12.821234703063965,165.18603515625,161.50048828125,2.832890748977661,-10.047369003295898,0.0,323.04773449897766
6400,-4.731241226196289,118.26040649414062,118.87471771240234,3.4579782485961914,-9.096833229064941,0.0,328.70247054100037
6500,-30.711280822753906,123.88372802734375,124.99978637695312,2.601893424987793,-8.755556106567383,0.0,331.22559785842896
6600,-10.875459671020508,122.68675231933594,121.72366333007812,3.0957751274108887,-6.1800665855407715,0.0,336.40648007392883
6700,-11.180933952331543,120.56057739257812,122.31975555419922,2.6863489151000977,-9.09558391571045,0.0,341.3805830478668
6800,-10.349971771240234,112.98149871826172,122.80890655517578,2.9394259452819824,-8.280694961547852,0.0,349.56301188468933
6900,-31.540328979492188,121.10108947753906,122.05357360839844,3.8993916511535645,-6.467164039611816,0.0,359.0747137069702
7000,-8.780293464660645,121.82210540771484,118.50991821289062,2.964756965637207,-8.946879386901855,0.0,361.198930978775
7100,-70.13128662109375,131.19683837890625,120.63005065917969,3.358654022216797,-9.814200401306152,0.0,365.89890575408936
7200,-12.175373077392578,118.33129119873047,122.52188873291016,3.2157251834869385,-8.386478424072266,0.0,370.561155796051
7300,-55.088348388671875,137.02188110351562,137.24095153808594,3.459216356277466,-8.21544361114502,0.0,375.5324192047119
7400,-63.05328369140625,129.0623321533203,128.69151306152344,3.772641658782959,-8.299585342407227,0.0,380.58071780204773
7500,-42.902549743652344,113.62909698486328,114.59387969970703,3.4341490268707275,-11.544502258300781,0.0,385.702077627182
7600,-27.614015579223633,121.35002899169922,123.59538269042969,3.4115099906921387,-9.060285568237305,0.0,390.12030053138733
7700,-10.826204299926758,133.87652587890625,149.33041381835938,3.328634738922119,-8.35416316986084,0.0,392.21775364875793
7800,-32.74882507324219,153.94041442871094,161.83375549316406,4.0258588790893555,-11.032695770263672,0.0,396.2519497871399
7900,-15.68794059753418,128.0013427734375,126.31458282470703,3.9582748413085938,-9.943571090698242,0.0,401.19539070129395
8000,-59.00738525390625,135.06114196777344,145.87457275390625,4.304588317871094,-11.69029712677002,0.0,408.2789316177368
8100,-9.175580978393555,133.53684997558594,139.71238708496094,4.392299175262451,-7.808560848236084,0.0,412.5850327014923
8200,-29.527084350585938,109.32918548583984,115.47938537597656,4.567870616912842,-10.083252906799316,0.0,416.94497513771057
8300,-24.125652313232422,120.1964111328125,117.25950622558594,4.646767616271973,-9.452569961547852,0.0,419.4187412261963
8400,-41.20610046386719,138.58053588867188,138.4253387451172,4.151366233825684,-10.744562149047852,0.0,423.81996631622314
8500,-26.022706985473633,120.91780090332031,127.8719711303711,3.843543529510498,-8.19671630859375,0.0,429.4236087799072
8600,-72.37484741210938,118.94591522216797,119.67446899414062,4.291276454925537,-9.438315391540527,0.0,434.3668119907379
8700,-26.691150665283203,132.31683349609375,137.6079559326172,4.412003517150879,-10.061348915100098,0.0,439.4125521183014
8800,-130.34027099609375,132.85621643066406,127.5869140625,5.4528703689575195,-11.249326705932617,0.0,444.63504695892334
8900,-62.19699478149414,119.50780487060547,119.17794799804688,5.137364387512207,-8.50546932220459,0.0,449.1239857673645
9000,-21.479387283325195,134.27197265625,136.42002868652344,4.881210803985596,-10.936635971069336,0.0,453.5852618217468
9100,-48.0435905456543,119.02137756347656,125.69500732421875,5.320989608764648,-8.800429344177246,0.0,464.2595419883728
9200,-41.37290954589844,125.82942199707031,125.7026596069336,5.46751594543457,-10.451654434204102,0.0,473.63253021240234
9300,-34.3856201171875,132.87115478515625,136.10353088378906,5.33587121963501,-9.406633377075195,0.0,479.04407715797424
9400,-25.284725189208984,168.80332946777344,174.08120727539062,5.414942741394043,-9.893365859985352,0.0,481.5609276294708
9500,-12.977185249328613,137.4623260498047,135.4642333984375,6.154046058654785,-8.7669095993042,0.0,487.10759830474854
9600,-22.47035789489746,130.43431091308594,120.74618530273438,5.9164958000183105,-9.380290985107422,0.0,492.166321516037
9700,-60.84745788574219,149.06275939941406,182.3550262451172,5.551426410675049,-11.33470344543457,0.0,497.05926728248596
9800,-43.678192138671875,151.45849609375,155.9095458984375,6.125706672668457,-9.652219772338867,0.0,500.990864276886
9900,-12.102513313293457,197.60061645507812,191.9449462890625,5.897648334503174,-10.137500762939453,0.0,507.3459129333496
10000,-97.22598266601562,162.09963989257812,163.99212646484375,6.006471633911133,-11.552584648132324,0.0,509.59146523475647
10100,-36.79121398925781,123.47250366210938,125.15158081054688,4.907384395599365,-10.157327651977539,0.0,517.7507634162903
10200,4.0742645263671875,118.24195861816406,118.48079681396484,5.675525665283203,-10.516736030578613,0.0,523.8507921695709
10300,-36.37446594238281,137.69329833984375,140.95843505859375,6.171407222747803,-8.444933891296387,0.0,531.2556209564209
10400,-64.70005798339844,142.03167724609375,138.47222900390625,6.019329071044922,-9.102810859680176,0.0,536.0438845157623
10500,-38.1065788269043,132.4938201904297,127.90018463134766,6.989960670471191,-9.725171089172363,0.0,538.9679296016693
10600,-28.799598693847656,141.0559844970703,139.12254333496094,6.589535713195801,-10.093536376953125,0.0,544.8039710521698
10700,-35.97903060913086,106.92888641357422,104.36739349365234,6.799217224121094,-8.888463973999023,0.0,551.6014063358307
10800,-10.891474723815918,238.7771453857422,252.3733367919922,7.416073322296143,-11.375833511352539,0.0,558.8474380970001
10900,-138.23843383789062,135.82626342773438,135.4617919921875,7.884365081787109,-12.404258728027344,0.0,566.1093363761902
11000,-72.84608459472656,130.39767456054688,132.30059814453125,6.710526466369629,-9.619955062866211,0.0,570.4961333274841
11100,-38.53046417236328,132.91600036621094,129.38015747070312,7.2741169929504395,-9.321451187133789,0.0,575.9742636680603
11200,-30.876901626586914,116.96305847167969,115.87936401367188,7.070798873901367,-8.820711135864258,0.0,582.4181413650513
11300,-23.58403968811035,113.38903045654297,151.62594604492188,7.5733442306518555,-10.213196754455566,0.0,590.0620744228363
11400,-110.12281036376953,127.21382141113281,128.3676300048828,9.372295379638672,-12.256771087646484,0.0,596.010719537735
11500,-23.622146606445312,136.05545043945312,127.37006378173828,7.0149335861206055,-10.30324649810791,0.0,601.2101876735687
11600,-75.44061279296875,127.56672668457031,130.56256103515625,7.68936014175415,-11.133718490600586,0.0,607.7659575939178
11700,-53.93423843383789,107.97209167480469,108.68789672851562,6.93036413192749,-9.843366622924805,0.0,614.0539119243622
11800,-45.31549072265625,122.62694549560547,126.23320007324219,7.753199577331543,-10.07073974609375,0.0,625.756528377533
11900,-74.50975799560547,133.7686767578125,125.35469055175781,8.0147705078125,-11.485901832580566,0.0,630.048431634903
12000,-63.852935791015625,210.61070251464844,201.54257202148438,8.469307899475098,-9.967324256896973,0.0,638.1190259456635
12100,-24.30421257019043,127.25660705566406,128.9640655517578,8.335391998291016,-10.963513374328613,0.0,647.8612661361694
12200,-24.706968307495117,116.04776763916016,117.49038696289062,9.780876159667969,-8.236357688903809,0.0,653.3711071014404
12300,-80.21601104736328,156.22369384765625,150.16641235351562,8.346837043762207,-11.224386215209961,0.0,656.7317488193512
12400,-47.9746208190918,133.15243530273438,130.0618438720703,8.673351287841797,-10.687129020690918,0.0,661.038400888443
12500,-49.42184066772461,126.74858856201172,122.77230834960938,8.64018726348877,-11.402807235717773,0.0,665.2715532779694
12600,-31.963542938232422,121.88362121582031,118.76675415039062,8.665642738342285,-10.648618698120117,0.0,670.5437831878662
12700,-38.41387176513672,136.86705017089844,136.34536743164062,8.827767372131348,-10.348570823669434,0.0,676.5323529243469
12800,-92.0593032836914,129.99612426757812,125.44502258300781,9.267464637756348,-11.421202659606934,0.0,682.2746930122375
12900,-30.850914001464844,125.73706817626953,128.89710998535156,8.723237991333008,-10.288100242614746,0.0,688.4704959392548
13000,-40.43733215332031,128.86119079589844,128.90650939941406,8.408522605895996,-8.62219524383545,0.0,691.0104913711548
13100,-77.88613891601562,133.77389526367188,132.85618591308594,9.08578109741211,-9.697471618652344,0.0,697.1815905570984
13200,-34.374210357666016,115.06379699707031,118.70581817626953,9.05720329284668,-11.411432266235352,0.0,704.3145985603333
13300,-22.57744026184082,122.92891693115234,130.62310791015625,8.751462936401367,-9.078605651855469,0.0,710.7261297702789
13400,-15.704671859741211,127.23674774169922,122.5937728881836,10.273645401000977,-9.598915100097656,0.0,717.4513359069824
13500,-40.69093322753906,118.18769836425781,114.72821044921875,9.500479698181152,-11.80070686340332,0.0,720.6033451557159
13600,-49.98204803466797,127.44928741455078,127.71048736572266,9.344319343566895,-7.5831780433654785,0.0,725.7270503044128
13700,-25.944780349731445,127.88542175292969,156.700927734375,8.754962921142578,-10.305061340332031,0.0,731.0141153335571
13800,-32.66678237915039,115.26858520507812,147.0867156982422,9.33277702331543,-9.098064422607422,0.0,736.0006520748138
13900,-41.66691207885742,139.1110076904297,139.5633544921875,9.80152702331543,-11.182117462158203,0.0,743.5518074035645
14000,-61.47447967529297,126.51025390625,126.48523712158203,10.059595108032227,-11.524397850036621,0.0,745.649561882019
14100,-26.866819381713867,128.20811462402344,140.52467346191406,10.23721694946289,-12.666062355041504,0.0,751.1493518352509
14200,-23.83031463623047,117.023193359375,124.79426574707031,9.577065467834473,-9.102119445800781,0.0,757.7151412963867
14300,-20.25865364074707,119.22663116455078,120.69772338867188,9.904922485351562,-10.53772258758545,0.0,764.7133803367615
14400,-123.6575698852539,142.54888916015625,152.61669921875,9.799771308898926,-10.191793441772461,0.0,769.5427215099335
14500,-14.107686042785645,140.04501342773438,122.84962463378906,11.02042293548584,-8.988375663757324,0.0,775.9661886692047
14600,-34.947120666503906,170.9313507080078,183.3843994140625,9.525100708007812,-10.454757690429688,0.0,780.1463022232056
14700,-33.418155670166016,138.87200927734375,148.66708374023438,9.756546974182129,-9.956599235534668,0.0,784.1968884468079
14800,-21.08363914489746,131.35910034179688,120.10577392578125,9.893092155456543,-10.457894325256348,0.0,790.6904740333557
14900,-25.906723022460938,134.4450225830078,139.09970092773438,11.62783145904541,-8.795005798339844,0.0,795.8094711303711
15000,-34.754905700683594,165.02886962890625,171.00271606445312,11.343362808227539,-9.493145942687988,0.0,800.8298981189728
15100,-43.745948791503906,121.2505874633789,126.72740173339844,11.673179626464844,-11.752029418945312,0.0,807.814094543457
15200,-44.02764129638672,105.782470703125,106.56895446777344,10.603663444519043,-9.027560234069824,0.0,812.2923288345337
15300,-58.79094314575195,119.36846923828125,124.51687622070312,9.805092811584473,-9.339086532592773,0.0,817.4874186515808
15400,-29.848400115966797,150.75648498535156,149.39761352539062,9.704310417175293,-10.94798755645752,0.0,822.6193866729736
15500,-34.69950866699219,133.19068908691406,130.86520385742188,11.348880767822266,-9.332931518554688,0.0,828.2694017887115
15600,-52.596351623535156,116.03428649902344,127.21134948730469,10.621170997619629,-10.661534309387207,0.0,832.914056301117
15700,-113.78417205810547,199.52024841308594,192.1981964111328,11.546422958374023,-11.308053970336914,0.0,834.5251984596252
15800,-39.783992767333984,122.69197845458984,119.9349365234375,10.298957824707031,-10.04345417022705,0.0,838.596001625061
15900,-63.69247055053711,186.5970001220703,177.99449157714844,12.825862884521484,-10.369807243347168,0.0,844.1669583320618
16000,-35.497840881347656,122.82778930664062,120.07988739013672,10.83373737335205,-10.487374305725098,0.0,850.7247653007507
16100,-31.428363800048828,152.7803192138672,172.32322692871094,11.071020126342773,-9.770742416381836,0.0,855.8005790710449
16200,-10.438033103942871,147.64889526367188,136.69192504882812,12.861642837524414,-10.776891708374023,0.0,860.3725171089172
16300,-32.180023193359375,115.55476379394531,111.3058853149414,10.835676193237305,-9.836661338806152,0.0,866.2956163883209
16400,-33.79557418823242,120.55448913574219,131.43898010253906,9.440991401672363,-9.486383438110352,0.0,868.7783493995667
16500,-22.800125122070312,109.089599609375,118.79705810546875,12.00712776184082,-7.465699672698975,0.0,874.4691579341888
16600,-126.56114196777344,101.70856475830078,102.48509216308594,12.071186065673828,-11.538875579833984,0.0,878.5130155086517
16700,-50.977684020996094,143.5634002685547,134.03355407714844,9.99222183227539,-9.626692771911621,0.0,882.7189106941223
16800,-46.80192184448242,134.98883056640625,129.21522521972656,12.073417663574219,-12.29507827758789,0.0,889.2142140865326
16900,-39.555362701416016,118.05304718017578,118.56505584716797,13.640054702758789,-8.925166130065918,0.0,894.1365003585815
17000,-40.539337158203125,106.91666412353516,111.63961791992188,11.51651382446289,-9.340152740478516,0.0,898.6481671333313
17100,-60.88463592529297,120.26498413085938,124.34761810302734,12.758758544921875,-10.895268440246582,0.0,904.990941286087
17200,-70.25092315673828,115.09202575683594,116.82940673828125,11.020866394042969,-9.505819320678711,0.0,911.0873093605042
17300,-51.264892578125,133.80413818359375,126.06900787353516,11.188835144042969,-10.301733016967773,0.0,916.2981741428375
17400,-48.721553802490234,139.52142333984375,137.66226196289062,11.354496955871582,-8.550027847290039,0.0,923.0090367794037
17500,-102.1583023071289,147.09609985351562,152.75137329101562,11.64857292175293,-11.75333023071289,0.0,925.2691159248352
17600,-72.30500030517578,117.61248016357422,123.80760955810547,12.655129432678223,-10.183300018310547,0.0,931.1544494628906
17700,-66.2248764038086,128.8701171875,140.7542724609375,12.355256080627441,-11.050565719604492,0.0,936.6583344936371
17800,-14.782500267028809,127.76519012451172,131.18165588378906,11.576217651367188,-10.024397850036621,0.0,940.7204005718231
17900,-51.385536193847656,142.1613006591797,156.9087677001953,11.496797561645508,-9.173439025878906,0.0,946.413298368454
18000,-67.12997436523438,152.1863555908203,154.36245727539062,13.174007415771484,-10.760247230529785,0.0,951.822496175766
18100,-57.9642219543457,112.09139251708984,112.78285217285156,12.000229835510254,-9.860628128051758,0.0,954.2232701778412
18200,-29.237411499023438,112.28456115722656,125.49504852294922,11.014217376708984,-11.219074249267578,0.0,957.4581260681152
18300,-117.1724853515625,151.06202697753906,146.86390686035156,12.757159233093262,-11.660500526428223,0.0,963.5278871059418
18400,-55.1382942199707,126.25003814697266,127.51310729980469,13.695632934570312,-10.207514762878418,0.0,970.5337886810303
18500,-30.876855850219727,125.21692657470703,130.435546875,12.734991073608398,-10.313925743103027,0.0,978.4756891727448
18600,-30.12900733947754,130.30604553222656,132.713623046875,11.484288215637207,-9.336885452270508,0.0,984.0013282299042
18700,-80.09851837158203,127.98412322998047,130.97994995117188,12.55138111114502,-10.692490577697754,0.0,986.1318068504333
18800,-30.46957778930664,132.28729248046875,130.71707153320312,13.870987892150879,-10.416590690612793,0.0,991.2376928329468
18900,-63.32941436767578,125.60526275634766,135.3180389404297,12.788576126098633,-12.409364700317383,0.0,995.3293740749359
19000,-39.901363372802734,126.97599792480469,128.74449157714844,14.391312599182129,-10.19895076751709,0.0,1000.9469604492188
19100,-47.96263885498047,173.8556671142578,180.7677001953125,11.643260955810547,-9.393608093261719,0.0,1005.6203238964081
19200,-56.54133605957031,120.24942016601562,127.43523406982422,13.097684860229492,-10.764883995056152,0.0,1012.1549217700958
19300,-54.507686614990234,112.92890930175781,120.03498840332031,14.135117530822754,-11.135869026184082,0.0,1015.04296708107
19400,-40.204158782958984,119.31432342529297,127.2186508178711,13.045799255371094,-11.200034141540527,0.0,1020.2401320934296
19500,-60.09099197387695,102.58860778808594,103.46590423583984,12.716500282287598,-9.587418556213379,0.0,1027.0254476070404
19600,-11.173645973205566,115.64823913574219,115.7566909790039,14.077916145324707,-10.352499008178711,0.0,1032.7891144752502
19700,-35.803619384765625,133.620361328125,131.34568786621094,12.216544151306152,-10.822122573852539,0.0,1037.639610528946
19800,-30.632091522216797,126.228271484375,128.9052276611328,12.91915225982666,-8.245756149291992,0.0,1042.8733704090118
19900,-43.98450469970703,116.72781372070312,119.28436279296875,11.991652488708496,-9.04910945892334,0.0,1045.5998148918152
20000,-34.486114501953125,118.0034408569336,117.47557067871094,14.39552116394043,-9.697491645812988,0.0,1052.5658702850342
20100,-32.19789123535156,126.15546417236328,117.34829711914062,13.272627830505371,-9.64005184173584,0.0,1056.154522895813
20200,-73.31551361083984,118.09527587890625,130.02943420410156,12.777151107788086,-10.029340744018555,0.0,1061.5814843177795
20300,-53.610755920410156,129.34442138671875,134.4974822998047,13.848450660705566,-9.905177116394043,0.0,1068.8018598556519
20400,-67.72418212890625,121.25819396972656,168.80673217773438,13.83373737335205,-11.27253246307373,0.0,1072.5877599716187
20500,-82.95245361328125,129.16619873046875,133.60923767089844,12.704061508178711,-11.507758140563965,0.0,1075.4176125526428
20600,-47.908077239990234,121.08366394042969,124.80827331542969,13.617703437805176,-7.655711650848389,0.0,1080.5669462680817
20700,-57.732032775878906,116.02039337158203,138.5677032470703,13.912637710571289,-7.861700057983398,0.0,1085.90736246109
20800,-89.49169921875,133.83291625976562,135.98373413085938,12.083023071289062,-10.18654727935791,0.0,1090.4812853336334
20900,-61.6414794921875,119.00262451171875,133.16090393066406,11.57141399383545,-9.394513130187988,0.0,1097.2741374969482
21000,-57.59352493286133,126.8213882446289,130.40060424804688,12.577369689941406,-9.574180603027344,0.0,1104.2079181671143
21100,-30.74415397644043,153.5044708251953,165.2274932861328,14.17131519317627,-11.789239883422852,0.0,1106.6388771533966
21200,-42.81221008300781,121.06568908691406,121.50408935546875,13.063152313232422,-10.176957130432129,0.0,1114.2417306900024
21300,-98.89920043945312,114.9940185546875,112.80464935302734,13.324702262878418,-9.201754570007324,0.0,1118.71044588089
21400,-62.91529846191406,131.61619567871094,131.3795166015625,12.012397766113281,-11.080419540405273,0.0,1123.7148172855377
21500,-21.367639541625977,120.32958984375,121.0903091430664,13.04029369354248,-7.982877731323242,0.0,1129.1670861244202
21600,-49.37181091308594,120.80052185058594,120.27739715576172,13.184858322143555,-9.287542343139648,0.0,1131.5885140895844
21700,-69.22071838378906,129.51922607421875,121.21485137939453,13.476774215698242,-11.877882957458496,0.0,1138.766471862793
21800,-34.28101348876953,118.48667907714844,124.69097900390625,13.972660064697266,-10.5004301071167,0.0,1143.613839149475
21900,-20.341054916381836,138.19004821777344,137.08935546875,15.435468673706055,-8.710593223571777,0.0,1148.538229227066
22000,-89.80889892578125,138.84237670898438,141.29556274414062,13.330845832824707,-11.874320030212402,0.0,1154.479525089264
22100,-70.02259063720703,140.5398406982422,139.9453887939453,13.491500854492188,-12.087921142578125,0.0,1159.4946911334991
22200,-71.15496826171875,128.64744567871094,130.82077026367188,12.678409576416016,-10.359535217285156,0.0,1162.8527264595032
22300,-68.05829620361328,129.63746643066406,121.49557495117188,12.964518547058105,-8.984381675720215,0.0,1168.280427455902
22400,-34.879249572753906,131.70352172851562,129.22996520996094,12.54240894317627,-9.896815299987793,0.0,1172.7197861671448
22500,-52.3181037902832,115.49629974365234,129.6453399658203,14.069917678833008,-9.51651668548584,0.0,1177.1658420562744
22600,-56.31870651245117,118.32559204101562,120.1790771484375,13.152168273925781,-10.024401664733887,0.0,1182.1980004310608
22700,-25.937931060791016,133.7764892578125,167.6923065185547,14.134942054748535,-10.065296173095703,0.0,1189.1936597824097
22800,-18.625001907348633,151.461669921875,145.58438110351562,13.685127258300781,-9.456628799438477,0.0,1193.969227552414
22900,-38.99894714355469,124.45529174804688,134.29119873046875,13.206892967224121,-10.630242347717285,0.0,1199.3742928504944
23000,-39.006256103515625,136.53402709960938,148.95587158203125,14.640316009521484,-9.641974449157715,0.0,1205.6186010837555
23100,-12.198409080505371,146.10986328125,140.61004638671875,12.645689010620117,-9.09472370147705,0.0,1210.3312792778015
23200,-45.639930725097656,133.82427978515625,130.8499755859375,13.306167602539062,-9.24740982055664,0.0,1215.6814692020416
23300,-108.3321304321289,116.61153411865234,127.24337005615234,12.60209846496582,-9.430541038513184,0.0,1219.6122119426727
23400,-28.974079132080078,124.26640319824219,132.67230224609375,13.55639934539795,-10.804903030395508,0.0,1221.146725177765
23500,-54.57508087158203,123.56538391113281,116.67949676513672,13.35866641998291,-10.514946937561035,0.0,1226.8402919769287
23600,-63.34775924682617,127.94692993164062,132.31893920898438,13.698409080505371,-10.17634391784668,0.0,1231.5171937942505
23700,-31.59726333618164,169.80490112304688,150.18121337890625,12.922059059143066,-9.396627426147461,0.0,1236.4868125915527
23800,-46.93288040161133,109.38955688476562,110.72206115722656,12.901986122131348,-9.51329231262207,0.0,1242.4226896762848
23900,-25.85483169555664,154.78610229492188,164.85348510742188,12.925603866577148,-9.13389778137207,0.0,1249.3280036449432
24000,-49.07713317871094,141.10491943359375,144.0912628173828,13.594953536987305,-10.529967308044434,0.0,1252.4686961174011
24100,-172.2991180419922,128.03240966796875,133.19908142089844,13.9504976272583,-10.80411148071289,0.0,1258.799259185791
24200,-113.48807525634766,148.56422424316406,144.31600952148438,14.743589401245117,-11.480921745300293,0.0,1264.5284056663513
24300,-104.46916198730469,126.7533950805664,149.0140838623047,12.721397399902344,-10.407089233398438,0.0,1269.8254225254059
24400,-36.98085021972656,128.27926635742188,126.10130310058594,13.814811706542969,-8.306260108947754,0.0,1275.836497783661
24500,-23.507652282714844,123.12793731689453,123.83248901367188,13.017704963684082,-9.154592514038086,0.0,1279.4350788593292
24600,-73.27001953125,122.48789978027344,129.58836364746094,12.911526679992676,-9.277140617370605,0.0,1283.8286333084106
24700,-73.3699951171875,147.86245727539062,161.34463500976562,13.66286849975586,-12.139331817626953,0.0,1289.387279510498
24800,-84.59835052490234,135.305419921875,131.8959197998047,13.913331985473633,-11.963518142700195,0.0,1294.2216348648071
24900,-46.964664459228516,127.81732940673828,127.50109100341797,12.851171493530273,-9.7487154006958,0.0,1299.6380791664124
25000,-86.69207763671875,125.2330322265625,139.29562377929688,12.841033935546875,-12.104668617248535,0.0,1305.9700541496277
25100,-31.293004989624023,113.350341796875,147.53121948242188,12.525574684143066,-10.72131061553955,0.0,1310.066005706787
25200,-106.94377136230469,132.91415405273438,137.63031005859375,14.39742660522461,-12.328567504882812,0.0,1314.4606003761292
25300,-118.1085205078125,114.12614440917969,108.27227020263672,14.419279098510742,-10.70187759399414,0.0,1319.4058756828308
25400,-42.88656234741211,103.16695404052734,121.5884017944336,13.074299812316895,-10.703547477722168,0.0,1324.1624624729156
25500,-100.01679992675781,136.13221740722656,129.9610137939453,12.758207321166992,-9.0958833694458,0.0,1329.0851354599
25600,-28.680770874023438,109.5600357055664,112.03146362304688,11.375584602355957,-9.398247718811035,0.0,1334.935057401657
25700,-72.7445068359375,118.02873992919922,127.03089141845703,13.506537437438965,-12.102824211120605,0.0,1340.8141567707062
25800,-53.6693000793457,109.37863159179688,112.98786926269531,13.629504203796387,-11.532136917114258,0.0,1342.9701836109161
25900,-176.08132934570312,151.3447265625,139.2224884033203,13.423078536987305,-9.908341407775879,0.0,1352.1191191673279
26000,-120.4263916015625,142.10585021972656,143.50457763671875,13.759317398071289,-12.591998100280762,0.0,1359.3015975952148
26100,-46.28413391113281,148.9676513671875,150.84059143066406,15.135831832885742,-9.673315048217773,0.0,1365.2364192008972
26200,-45.105167388916016,129.76231384277344,138.59271240234375,13.179481506347656,-10.190751075744629,0.0,1368.8232815265656
26300,-79.78579711914062,149.97491455078125,151.43292236328125,16.076526641845703,-10.804553985595703,0.0,1374.1387581825256
26400,-54.950374603271484,125.44639587402344,130.32025146484375,11.889416694641113,-11.926907539367676,0.0,1378.5419006347656
26500,-28.791767120361328,138.64273071289062,130.318359375,13.359560012817383,-10.392845153808594,0.0,1382.6976358890533
26600,-31.431610107421875,111.2947006225586,117.6780014038086,12.486717224121094,-9.737590789794922,0.0,1388.7245247364044
26700,-52.66105651855469,140.30848693847656,148.46499633789062,15.445266723632812,-11.41604995727539,0.0,1393.7986252307892
26800,-54.0938720703125,127.37458801269531,128.63763427734375,12.548622131347656,-10.275069236755371,0.0,1399.1944978237152
26900,-42.48496627807617,116.41221618652344,113.21490478515625,12.129735946655273,-10.56209945678711,0.0,1403.9981887340546
27000,-46.27702331542969,115.92771911621094,116.8031234741211,13.948867797851562,-10.545683860778809,0.0,1408.9540991783142
27100,-43.109779357910156,127.61090087890625,133.7204132080078,14.233484268188477,-10.782217025756836,0.0,1413.6852493286133
27200,-115.22004699707031,150.77310180664062,142.0950164794922,13.266282081604004,-11.581034660339355,0.0,1418.6068518161774
27300,-75.72625732421875,117.24061584472656,112.8027572631836,13.771175384521484,-11.585676193237305,0.0,1427.8877112865448
27400,-54.54658126831055,144.78695678710938,156.52972412109375,12.721477508544922,-9.703132629394531,0.0,1430.0308766365051
27500,-73.18533325195312,112.34394836425781,117.58196258544922,13.234281539916992,-10.726018905639648,0.0,1435.4295148849487
27600,-65.7098617553711,122.05941772460938,133.16134643554688,13.308855056762695,-8.260673522949219,0.0,1439.6290152072906
27700,-86.24195098876953,127.92118835449219,127.08692932128906,14.206034660339355,-9.410120010375977,0.0,1443.894040107727
27800,-57.572509765625,152.34878540039062,158.7175750732422,14.028463363647461,-10.457669258117676,0.0,1449.3621199131012
27900,-67.39606475830078,115.2802963256836,116.85204315185547,13.603500366210938,-11.140217781066895,0.0,1455.140863418579
28000,-42.15999984741211,132.20159912109375,129.97244262695312,12.843866348266602,-8.944631576538086,0.0,1459.0921511650085
28100,-33.14474868774414,128.9844970703125,123.25823211669922,14.779017448425293,-11.608007431030273,0.0,1460.7346584796906
28200,-48.258113861083984,129.29721069335938,122.21307373046875,14.315242767333984,-12.094661712646484,0.0,1467.824714899063
28300,-56.531410217285156,129.13613891601562,131.058837890625,12.958108901977539,-10.639381408691406,0.0,1473.3375012874603
28400,-42.51385498046875,123.91067504882812,131.86343383789062,14.244980812072754,-12.097588539123535,0.0,1478.06467294693
28500,-33.646766662597656,111.92823791503906,145.00900268554688,14.351344108581543,-10.365342140197754,0.0,1483.12038064003
28600,-103.7942123413086,144.4897918701172,139.13914489746094,15.25160026550293,-12.177037239074707,0.0,1487.5989923477173
28700,-28.061927795410156,115.34184265136719,120.20059204101562,15.314205169677734,-7.972293376922607,0.0,1490.4902122020721
28800,-46.94328689575195,129.99282836914062,129.86990356445312,13.982150077819824,-10.714179039001465,0.0,1496.9508397579193
28900,-121.47853088378906,116.0442123413086,116.43592834472656,12.958386421203613,-10.106376647949219,0.0,1501.685578584671
29000,-77.92864990234375,124.83045959472656,112.30943298339844,14.491440773010254,-9.487968444824219,0.0,1507.160313129425
29100,-34.09212112426758,112.77005767822266,126.28271484375,12.77135944366455,-11.111343383789062,0.0,1510.8585529327393
29200,-40.49574279785156,175.46359252929688,179.73684692382812,14.147672653198242,-11.142614364624023,0.0,1516.3481521606445
29300,-73.52230834960938,132.41363525390625,132.02122497558594,13.214329719543457,-9.128894805908203,0.0,1521.8432383537292
29400,-76.08406829833984,135.79776000976562,130.68032836914062,14.274299621582031,-11.216455459594727,0.0,1527.7039697170258
29500,-71.63072204589844,133.1665802001953,131.05984497070312,13.5731201171875,-8.90451717376709,0.0,1531.8747153282166
29600,-56.83793640136719,114.36817932128906,115.0761947631836,13.591801643371582,-9.178839683532715,0.0,1535.6066875457764
29700,-38.45408630371094,118.77909851074219,130.62217712402344,13.71270751953125,-9.913777351379395,0.0,1539.7361142635345
29800,-60.19892501831055,125.39198303222656,115.87586975097656,12.541231155395508,-9.224447250366211,0.0,1544.8875393867493
29900,-83.96800994873047,125.44023132324219,129.99171447753906,12.162041664123535,-9.615251541137695,0.0,1546.5011162757874
30000,-103.260986328125,114.06188201904297,116.91761016845703,13.59616470336914,-9.981799125671387,0.0,1551.1317570209503
30100,-37.47348403930664,137.2572479248047,134.5214080810547,13.494837760925293,-9.305438041687012,0.0,1557.7874195575714
30200,-53.774925231933594,117.93199920654297,116.96361541748047,12.921958923339844,-12.333564758300781,0.0,1562.5763912200928
30300,-55.15563201904297,127.38349914550781,110.65104675292969,12.944210052490234,-10.40383529663086,0.0,1568.0245027542114
30400,-69.64427185058594,117.95651245117188,145.4352264404297,13.03748893737793,-10.19542121887207,0.0,1573.9723308086395
30500,-85.69709014892578,122.48097229003906,122.5274658203125,14.932703971862793,-10.301324844360352,0.0,1576.2300996780396
30600,-54.97795867919922,125.60647583007812,136.54310607910156,14.127901077270508,-11.406930923461914,0.0,1581.7309188842773
30700,-45.22396469116211,140.2333984375,133.40994262695312,13.629842758178711,-10.826714515686035,0.0,1587.7667117118835
30800,-62.51090621948242,137.08226013183594,141.368896484375,14.565488815307617,-10.22064208984375,0.0,1591.7086176872253
30900,-35.20886993408203,149.96180725097656,157.34292602539062,12.95919132232666,-11.035633087158203,0.0,1595.8345484733582
31000,-88.4060287475586,135.06549072265625,127.50917053222656,14.087804794311523,-10.94942855834961,0.0,1600.9387896060944
31100,-77.82319641113281,135.44094848632812,144.457275390625,14.0968599319458,-9.821782112121582,0.0,1605.4890282154083
31200,-59.028568267822266,130.9885711669922,124.02388763427734,14.125161170959473,-9.85617446899414,0.0,1607.8883953094482
31300,-30.372648239135742,143.6134796142578,158.37155151367188,12.752792358398438,-11.704168319702148,0.0,1612.6388530731201
31400,-125.23582458496094,164.18167114257812,165.8519744873047,13.426371574401855,-10.654329299926758,0.0,1619.2415766716003
31500,-34.089385986328125,118.59989929199219,120.39659881591797,15.294601440429688,-11.638163566589355,0.0,1624.0864000320435
31600,-46.69268798828125,134.46971130371094,133.8574981689453,12.983278274536133,-10.697433471679688,0.0,1629.0204417705536
31700,-67.17662811279297,135.77581787109375,147.5330352783203,13.77479362487793,-12.156492233276367,0.0,1635.0985453128815
31800,-51.27492904663086,117.08721160888672,127.18824768066406,12.605048179626465,-9.776079177856445,0.0,1638.2078127861023
31900,-74.67261505126953,112.1449203491211,116.71721649169922,14.338241577148438,-12.642379760742188,0.0,1644.783783197403
32000,-114.67963409423828,144.84133911132812,158.20469665527344,16.788894653320312,-12.320779800415039,0.0,1649.0375940799713
32100,-88.77130889892578,121.33834838867188,109.72431945800781,12.219221115112305,-11.421629905700684,0.0,1655.8171441555023
32200,-40.942935943603516,124.75558471679688,121.52294158935547,14.597076416015625,-8.92638111114502,0.0,1660.6927971839905
32300,-79.36785888671875,126.54164123535156,126.82120513916016,14.580692291259766,-12.307765007019043,0.0,1664.755334854126
32400,-65.53133392333984,119.1214828491211,123.14768981933594,14.45465087890625,-10.77315902709961,0.0,1672.6813662052155
32500,-59.55558776855469,132.39459228515625,130.90963745117188,12.82885456085205,-11.999886512756348,0.0,1679.0434758663177
32600,-76.43556213378906,121.17178344726562,126.56999206542969,13.509562492370605,-12.194497108459473,0.0,1685.9300665855408
32700,-74.08811950683594,132.6133575439453,131.04937744140625,13.28580093383789,-9.744717597961426,0.0,1691.1877048015594
32800,-51.39020919799805,137.5874786376953,136.7028350830078,12.296074867248535,-8.151304244995117,0.0,1695.0980548858643
32900,-105.93373107910156,123.25896453857422,128.8106231689453,13.68743896484375,-11.176041603088379,0.0,1699.588421344757
33000,-98.82758331298828,125.4837875366211,119.17839050292969,13.75323486328125,-12.354154586791992,0.0,1705.660168647766
33100,-101.69477081298828,148.9888458251953,145.7837677001953,12.375969886779785,-8.707586288452148,0.0,1711.3792843818665
33200,-24.306194305419922,135.0534210205078,127.62964630126953,12.296823501586914,-10.404162406921387,0.0,1719.1372559070587
33300,-125.45243835449219,119.89981842041016,125.3385009765625,14.462419509887695,-13.289419174194336,0.0,1724.5854225158691
33400,-81.75806427001953,151.5751495361328,149.44224548339844,14.52852725982666,-10.10398006439209,0.0,1725.9771926403046
33500,-81.0509033203125,135.37554931640625,135.06454467773438,15.043805122375488,-12.618616104125977,0.0,1730.6588456630707
33600,-33.06210708618164,117.73463439941406,116.6583251953125,13.660998344421387,-10.174980163574219,0.0,1735.3414993286133
33700,-91.56796264648438,122.27005767822266,124.16871643066406,13.927797317504883,-13.675138473510742,0.0,1740.0900573730469
33800,-87.0767822265625,143.53904724121094,148.5028839111328,14.617561340332031,-13.314343452453613,0.0,1744.585974931717
33900,-103.44761657714844,118.13782501220703,117.34468841552734,14.219342231750488,-11.45069408416748,0.0,1750.3853945732117
34000,-60.4232292175293,149.68287658691406,157.14503479003906,14.653303146362305,-12.557608604431152,0.0,1752.7008051872253
34100,-141.4688720703125,140.8577880859375,141.28713989257812,14.725739479064941,-12.124399185180664,0.0,1758.1713325977325
34200,-46.196712493896484,129.7915496826172,126.16588592529297,12.572869300842285,-11.958826065063477,0.0,1763.6308839321136
34300,-58.18251037597656,117.24063110351562,122.19203186035156,13.028464317321777,-10.624900817871094,0.0,1767.5837478637695
34400,-51.19059371948242,129.276123046875,130.69078063964844,12.57839584350586,-11.230939865112305,0.0,1773.023957490921
34500,-40.54195785522461,122.60844421386719,115.20857238769531,12.83730697631836,-11.572279930114746,0.0,1778.3387310504913
34600,-36.34376907348633,140.57469177246094,140.94483947753906,14.558069229125977,-9.625548362731934,0.0,1783.6811678409576
34700,-63.66758728027344,132.40243530273438,131.7495880126953,15.203441619873047,-11.753799438476562,0.0,1786.388867855072
34800,-51.00550842285156,142.60975646972656,132.1437530517578,12.775211334228516,-11.059259414672852,0.0,1791.2629504203796
34900,-127.73521423339844,123.35752868652344,121.33082580566406,15.817890167236328,-11.894771575927734,0.0,1796.7877762317657
35000,-66.53218841552734,121.74089050292969,131.43450927734375,14.09821605682373,-13.57736873626709,0.0,1801.8132603168488
35100,-69.02678680419922,126.87895965576172,120.28424835205078,13.16232967376709,-10.64453125,0.0,1807.3229026794434
35200,-54.382179260253906,156.76690673828125,158.08958435058594,12.771921157836914,-10.53567886352539,0.0,1812.4722754955292
35300,-51.83490753173828,151.45962524414062,156.1411895751953,13.305276870727539,-9.778595924377441,0.0,1814.5446617603302
35400,-104.47439575195312,150.69715881347656,129.92037963867188,12.904614448547363,-12.36430549621582,0.0,1819.2884006500244
35500,-65.99757385253906,128.23594665527344,124.78990173339844,13.25048828125,-9.471057891845703,0.0,1824.1273710727692
35600,-29.479774475097656,124.86795806884766,143.51571655273438,13.681428909301758,-10.552520751953125,0.0,1828.14115691185
35700,-89.0225601196289,127.64697265625,140.0529022216797,12.898927688598633,-10.227065086364746,0.0,1832.6910381317139
35800,-87.60161590576172,136.4971160888672,135.16217041015625,13.66555404663086,-10.909368515014648,0.0,1837.6890034675598
35900,-141.21234130859375,143.47317504882812,141.87498474121094,14.57592487335205,-11.746658325195312,0.0,1841.7665820121765
36000,-31.403226852416992,130.1644744873047,132.95864868164062,13.80962085723877,-10.083173751831055,0.0,1847.083639383316
36100,-52.66399383544922,125.94440460205078,132.0886993408203,13.1705904006958,-9.915750503540039,0.0,1852.832487821579
36200,-142.10293579101562,131.68881225585938,120.74476623535156,14.173453330993652,-10.610906600952148,0.0,1858.015332698822
36300,-46.82173538208008,154.59654235839844,156.34201049804688,12.78467082977295,-10.523756980895996,0.0,1859.2100343704224
36400,-54.69276428222656,163.018798828125,158.20700073242188,14.466419219970703,-8.992063522338867,0.0,1864.087644815445
36500,-44.84983825683594,131.8161163330078,132.127197265625,15.783514022827148,-10.566387176513672,0.0,1868.4135990142822
36600,-67.25554656982422,134.35691833496094,137.49525451660156,12.928951263427734,-10.990889549255371,0.0,1872.6269810199738
36700,-111.23889923095703,130.4485626220703,138.0603790283203,14.76833724975586,-12.201292037963867,0.0,1876.9784426689148
36800,-35.68503189086914,136.79171752929688,136.43319702148438,14.470155715942383,-9.869691848754883,0.0,1881.1261503696442
36900,-95.18803405761719,127.19602966308594,134.17042541503906,13.877878189086914,-11.525403022766113,0.0,1886.0578033924103
37000,-38.1674919128418,141.9921875,146.50889587402344,14.969846725463867,-11.171454429626465,0.0,1887.9175791740417
37100,-54.00026321411133,157.392333984375,155.32205200195312,14.08985710144043,-11.009293556213379,0.0,1891.632873058319
37200,-122.26591491699219,128.57923889160156,116.10010528564453,13.360992431640625,-10.250240325927734,0.0,1896.4054849147797
37300,-90.29447174072266,127.26377868652344,122.8995590209961,12.948312759399414,-13.93145751953125,0.0,1900.829138994217
37400,-43.65089416503906,120.29946899414062,115.39299011230469,16.45577621459961,-11.825966835021973,0.0,1904.8945825099945
37500,-73.10686492919922,124.05572509765625,127.468017578125,14.352434158325195,-11.673952102661133,0.0,1910.7765209674835
37600,-80.69886779785156,111.60385131835938,117.36365509033203,13.016976356506348,-11.07509708404541,0.0,1915.298452615738
37700,-35.61457443237305,148.0063934326172,151.11354064941406,12.862677574157715,-10.288785934448242,0.0,1916.6569702625275
37800,-45.4085578918457,125.09196472167969,129.57662963867188,14.536322593688965,-10.364877700805664,0.0,1921.3361847400665
37900,-40.910762786865234,121.31382751464844,129.1248779296875,13.643774032592773,-11.024737358093262,0.0,1925.589201450348
38000,-46.18300247192383,179.11489868164062,176.35740661621094,13.761221885681152,-11.24370002746582,0.0,1930.5229940414429
38100,-100.22480773925781,120.3029556274414,132.0628662109375,14.570575714111328,-11.76498794555664,0.0,1936.2655062675476
38200,-36.14238739013672,124.22419738769531,132.8178253173828,14.099349975585938,-10.57108211517334,0.0,1940.7930979728699
38300,-48.04277801513672,140.64198303222656,141.75875854492188,14.292052268981934,-11.761281967163086,0.0,1945.304384469986
38400,-52.5743408203125,149.4160919189453,159.16262817382812,14.455961227416992,-11.189983367919922,0.0,1948.0943684577942
38500,-114.78285217285156,130.0008544921875,125.88510131835938,14.467000961303711,-11.565620422363281,0.0,1952.2312214374542
38600,-25.282188415527344,137.3430938720703,144.10592651367188,12.92995834350586,-10.750587463378906,0.0,1955.8527536392212
38700,-42.55755615234375,123.18099212646484,129.92825317382812,14.450281143188477,-9.656603813171387,0.0,1960.1414964199066
38800,-59.591026306152344,116.54097747802734,124.64037322998047,14.26138687133789,-9.707295417785645,0.0,1964.731121301651
38900,-66.18326568603516,132.94354248046875,133.97247314453125,14.013151168823242,-12.430609703063965,0.0,1970.2424142360687
39000,-50.062557220458984,153.63327026367188,155.76382446289062,13.575785636901855,-8.849255561828613,0.0,1974.463330745697
39100,-49.87351608276367,115.79425048828125,112.01776885986328,13.658665657043457,-9.389238357543945,0.0,1977.291198015213
39200,-89.10945892333984,136.68296813964844,135.89010620117188,12.782085418701172,-9.605953216552734,0.0,1981.23721909523
39300,-64.282958984375,139.11354064941406,133.60589599609375,13.336321830749512,-11.180024147033691,0.0,1985.8610534667969
39400,-43.15269470214844,122.98936462402344,124.01359558105469,12.779008865356445,-10.68132209777832,0.0,1991.1092903614044
39500,-71.45368194580078,118.28269958496094,117.71036529541016,14.388057708740234,-11.761323928833008,0.0,1995.1122641563416
39600,-72.46339416503906,128.53399658203125,132.6582489013672,14.308927536010742,-10.629389762878418,0.0,1999.7441601753235
39700,-64.10336303710938,142.40896606445312,148.23155212402344,12.02772331237793,-10.168220520019531,0.0,2004.2190313339233
39800,-29.700469970703125,138.25938415527344,144.21963500976562,14.52000617980957,-11.758466720581055,0.0,2006.1577479839325
39900,-97.98023986816406,157.06552124023438,156.01199340820312,13.838913917541504,-12.273528099060059,0.0,2011.1342520713806
40000,-124.41728210449219,120.0486068725586,112.93177795410156,12.12142276763916,-11.695547103881836,0.0,2016.23357462883
40100,-49.841651916503906,129.66714477539062,147.26072692871094,13.01211929321289,-10.277618408203125,0.0,2020.7491862773895
40200,-54.619258880615234,143.51873779296875,141.5061492919922,13.334716796875,-9.417411804199219,0.0,2025.5856630802155
40300,-96.53910827636719,130.77163696289062,142.3679962158203,13.039772033691406,-11.916202545166016,0.0,2030.2561438083649
40400,-89.37062072753906,140.58509826660156,140.572265625,12.78892707824707,-11.569008827209473,0.0,2034.9424977302551
40500,-87.61489868164062,111.75202941894531,123.28558349609375,14.041191101074219,-11.321907997131348,0.0,2036.5784602165222
40600,-59.682701110839844,109.83570098876953,110.12732696533203,12.539180755615234,-11.1985502243042,0.0,2041.3973336219788
40700,-71.20491027832031,135.04269409179688,163.3434600830078,14.780252456665039,-14.436375617980957,0.0,2045.604493379593
40800,-92.4336929321289,126.1846923828125,122.77622985839844,15.45096206665039,-12.298456192016602,0.0,2050.113769054413
40900,-161.34071350097656,156.66937255859375,155.4684600830078,12.534420013427734,-10.772407531738281,0.0,2054.568320274353
41000,-68.06068420410156,138.35865783691406,145.28164672851562,14.642931938171387,-11.694700241088867,0.0,2058.4347908496857
41100,-39.42859649658203,122.88116455078125,116.98094177246094,15.645453453063965,-12.17386245727539,0.0,2062.7605872154236
41200,-92.11148071289062,145.83560180664062,137.51548767089844,14.598323822021484,-10.722530364990234,0.0,2065.5990591049194
41300,-42.038063049316406,128.40679931640625,124.85637664794922,12.825215339660645,-11.995338439941406,0.0,2070.7196390628815
41400,-119.53201293945312,130.0929718017578,128.0030975341797,12.543444633483887,-11.532377243041992,0.0,2075.518235683441
41500,-65.94239807128906,143.57606506347656,151.51480102539062,13.751115798950195,-10.415566444396973,0.0,2079.7232875823975
41600,-116.29023742675781,113.75881958007812,112.36639404296875,13.492969512939453,-11.463851928710938,0.0,2084.4197404384613
41700,-56.4432373046875,153.33453369140625,148.5271453857422,14.605563163757324,-12.632463455200195,0.0,2089.0733008384705
41800,-95.15715789794922,125.04967498779297,118.74105072021484,13.944393157958984,-11.636160850524902,0.0,2093.7360463142395
41900,-32.28571319580078,150.1201934814453,144.6640167236328,13.330103874206543,-12.403443336486816,0.0,2095.4824216365814
42000,-51.134159088134766,123.79338073730469,120.757080078125,13.51091194152832,-11.385078430175781,0.0,2100.3251554965973
42100,-39.61989212036133,161.9804229736328,160.36590576171875,14.501497268676758,-11.264039993286133,0.0,2105.0684113502502
42200,-129.85804748535156,121.68838500976562,125.54769134521484,14.731504440307617,-10.33116340637207,0.0,2108.854516506195
42300,-23.83530044555664,159.81272888183594,153.8371124267578,14.590270042419434,-9.500009536743164,0.0,2114.02197933197
42400,-60.64902877807617,127.02355194091797,130.92381286621094,13.893575668334961,-10.656072616577148,0.0,2119.080100297928
42500,-62.10612106323242,144.07994079589844,133.4594268798828,13.997821807861328,-12.437628746032715,0.0,2124.096761703491
42600,-62.61347961425781,123.05140686035156,124.60159301757812,14.779354095458984,-10.690271377563477,0.0,2125.6680660247803
42700,-29.360071182250977,146.04864501953125,133.10357666015625,13.352787971496582,-9.702360153198242,0.0,2130.2431139945984
42800,-65.35608673095703,137.60623168945312,139.72503662109375,14.090978622436523,-11.970248222351074,0.0,2134.596813440323
42900,-64.6785659790039,120.7408218383789,127.26882934570312,14.80552864074707,-10.169793128967285,0.0,2139.784846305847
43000,-65.90367889404297,120.34877014160156,120.93204498291016,13.0121431350708,-10.259773254394531,0.0,2144.2802164554596
43100,-92.77962493896484,104.01960754394531,112.05034637451172,12.843650817871094,-9.962120056152344,0.0,2148.871921300888
43200,-44.38762283325195,123.97821044921875,126.66130828857422,15.331302642822266,-14.209928512573242,0.0,2153.240697860718
43300,-88.74376678466797,164.99380493164062,163.08502197265625,14.62936782836914,-11.468165397644043,0.0,2155.366191625595
43400,-46.3443717956543,124.19013214111328,124.39935302734375,13.636181831359863,-8.967597007751465,0.0,2159.4836733341217
43500,-59.310951232910156,129.005126953125,131.8993682861328,16.2083683013916,-8.826766967773438,0.0,2164.963829278946
43600,-42.470497131347656,113.51490783691406,113.56790161132812,14.308006286621094,-8.757801055908203,0.0,2170.786453485489
43700,-79.39191436767578,121.4433364868164,116.75142669677734,12.24531078338623,-9.175442695617676,0.0,2174.7460010051727
43800,-63.33551788330078,122.219970703125,122.75215148925781,14.353556632995605,-12.063796043395996,0.0,2178.9515862464905
43900,-83.43846130371094,121.04308319091797,120.8161392211914,13.617958068847656,-9.368788719177246,0.0,2183.67467212677
44000,-35.06023406982422,154.1134796142578,154.3913116455078,14.363762855529785,-10.85067081451416,0.0,2184.9128499031067
44100,-94.02942657470703,132.77923583984375,139.0511932373047,13.424495697021484,-12.500711441040039,0.0,2188.958143234253
44200,-59.10435485839844,118.41068267822266,126.12820434570312,14.734443664550781,-10.341415405273438,0.0,2192.853231906891
44300,-93.18290710449219,128.15542602539062,130.28843688964844,14.340414047241211,-12.238577842712402,0.0,2197.7777366638184
44400,-53.877479553222656,126.32582092285156,121.94207000732422,14.627900123596191,-10.457795143127441,0.0,2202.8216185569763
44500,-114.11729431152344,130.75637817382812,131.01638793945312,14.6135835647583,-10.883161544799805,0.0,2208.0032103061676
44600,-112.18672180175781,117.53296661376953,129.90444946289062,13.212739944458008,-10.906854629516602,0.0,2212.812829017639
44700,-45.62563705444336,123.78340911865234,124.479736328125,13.647415161132812,-12.328431129455566,0.0,2214.796077489853
44800,-43.18766403198242,136.42105102539062,135.17922973632812,14.298690795898438,-9.538407325744629,0.0,2219.2163496017456
44900,-97.02999877929688,150.69509887695312,151.0048065185547,13.593059539794922,-10.634544372558594,0.0,2223.4723014831543
45000,-111.42900085449219,135.6974334716797,132.54818725585938,14.27069091796875,-13.052928924560547,0.0,2229.059417247772
45100,-40.61747741699219,118.328369140625,125.20861053466797,12.191186904907227,-9.982504844665527,0.0,2233.3361418247223
45200,-45.4593505859375,120.3412094116211,132.09384155273438,13.554304122924805,-11.058833122253418,0.0,2237.7136929035187
45300,-92.1546401977539,124.10414123535156,129.22439575195312,14.062084197998047,-11.362730026245117,0.0,2242.528698205948
45400,-41.531982421875,123.4458999633789,129.70584106445312,13.402852058410645,-10.048877716064453,0.0,2245.417706012726
45500,-132.87228393554688,124.74716186523438,125.41801452636719,13.945009231567383,-12.056492805480957,0.0,2249.8209958076477
45600,-34.362510681152344,127.71100616455078,123.0724868774414,13.133939743041992,-10.065446853637695,0.0,2254.9138667583466
45700,-34.99156188964844,125.51151275634766,129.72264099121094,12.929213523864746,-9.800111770629883,0.0,2260.0248432159424
45800,-55.34347915649414,142.0449981689453,144.83761596679688,14.230668067932129,-10.879206657409668,0.0,2264.3855607509613
45900,-90.10021209716797,121.80388641357422,125.624755859375,14.1433687210083,-12.207735061645508,0.0,2268.65150308609
46000,-87.49433898925781,125.37321472167969,125.29782104492188,15.084266662597656,-10.398774147033691,0.0,2272.858747243881
46100,-61.632633209228516,116.06404113769531,116.34490203857422,13.572853088378906,-9.766900062561035,0.0,2273.8927052021027
46200,-75.78147888183594,134.35171508789062,134.56748962402344,14.371980667114258,-10.326288223266602,0.0,2278.036540031433
46300,-77.14702606201172,129.50961303710938,134.0830841064453,14.590818405151367,-12.699207305908203,0.0,2281.978598356247
46400,-59.5306282043457,116.8509292602539,124.04298400878906,14.439176559448242,-7.854290962219238,0.0,2286.3081135749817
46500,-54.76267623901367,112.78125,113.04888153076172,11.87656021118164,-10.954879760742188,0.0,2291.364833831787
46600,-108.01441192626953,134.8759307861328,133.8288116455078,14.484434127807617,-13.068488121032715,0.0,2297.0668437480927
46700,-65.68180084228516,169.81004333496094,169.75706481933594,13.517104148864746,-9.763983726501465,0.0,2302.2070734500885
46800,-42.657691955566406,127.3892822265625,133.03390502929688,12.0734281539917,-10.018548965454102,0.0,2304.122519016266
46900,-36.34306716918945,129.42529296875,129.63938903808594,14.7031888961792,-10.22445297241211,0.0,2308.632039785385
47000,-89.8747329711914,124.87659454345703,127.54497528076172,14.281391143798828,-12.354808807373047,0.0,2312.3920493125916
47100,-69.45114135742188,153.09552001953125,153.77676391601562,14.207633972167969,-12.331865310668945,0.0,2316.41197013855
47200,-39.24440383911133,133.16883850097656,128.82542419433594,12.953651428222656,-13.566751480102539,0.0,2320.9007427692413
47300,-29.459476470947266,123.20335388183594,120.78348541259766,13.544698715209961,-9.054280281066895,0.0,2325.1677758693695
47400,-49.229957580566406,138.54078674316406,136.08273315429688,14.213102340698242,-10.917452812194824,0.0,2329.546720981598
47500,-72.4140625,143.0481719970703,150.54385375976562,15.63547134399414,-12.872528076171875,0.0,2331.182120323181
47600,-65.57423400878906,145.23402404785156,149.61753845214844,14.24077033996582,-12.173489570617676,0.0,2335.9597363471985
47700,-47.508419036865234,113.34713745117188,112.83795166015625,12.963528633117676,-9.430896759033203,0.0,2340.002600669861
47800,-47.80672836303711,129.75245666503906,129.06057739257812,11.984529495239258,-10.679898262023926,0.0,2344.245858669281
47900,-50.62284469604492,116.88179016113281,124.08219909667969,14.116168975830078,-10.83482551574707,0.0,2349.248236656189
48000,-64.80751037597656,141.23719787597656,142.5732879638672,14.886575698852539,-9.87568187713623,0.0,2354.0573813915253
48100,-78.38172149658203,119.38530731201172,120.72404479980469,13.731569290161133,-11.012760162353516,0.0,2358.6215703487396
48200,-32.82231903076172,143.2888641357422,128.8848419189453,14.402957916259766,-10.404657363891602,0.0,2359.899044752121
48300,-73.67256927490234,128.38040161132812,124.34468078613281,13.233404159545898,-11.904888153076172,0.0,2365.7646191120148
48400,-42.83036422729492,140.42138671875,141.255126953125,13.904377937316895,-10.615601539611816,0.0,2369.5628504753113
48500,-33.74849319458008,133.6515655517578,141.8988037109375,13.238103866577148,-10.841670989990234,0.0,2373.9840602874756
48600,-77.73222351074219,125.67811584472656,148.0238800048828,12.846088409423828,-11.33869743347168,0.0,2379.1393389701843
48700,-130.72604370117188,131.30438232421875,129.15354919433594,13.815413475036621,-12.435457229614258,0.0,2383.9230177402496
48800,-78.68211364746094,115.12895202636719,109.63609313964844,12.477863311767578,-10.802494049072266,0.0,2388.585918188095
48900,-40.49765396118164,131.1186981201172,138.8265838623047,12.901928901672363,-9.463655471801758,0.0,2390.135766506195
49000,-195.18885803222656,151.663818359375,154.52149963378906,12.963499069213867,-10.899444580078125,0.0,2395.2621376514435
49100,-37.24923324584961,126.62005615234375,117.78355407714844,13.780747413635254,-12.125932693481445,0.0,2400.3315465450287
49200,-82.89546966552734,125.37890625,122.73847198486328,14.22620964050293,-9.490803718566895,0.0,2404.0685563087463
49300,-47.38890075683594,138.2063751220703,134.29782104492188,14.150444984436035,-10.15128231048584,0.0,2409.3906531333923
49400,-36.823272705078125,124.53568267822266,124.2427978515625,12.984101295471191,-9.719608306884766,0.0,2414.0476474761963
49500,-73.88019561767578,154.82679748535156,145.52023315429688,14.870498657226562,-12.502902030944824,0.0,2418.894998550415
49600,-90.18535614013672,113.03767395019531,144.146240234375,13.973250389099121,-8.275336265563965,0.0,2420.536337852478
49700,-57.50010299682617,154.54843139648438,162.1326141357422,12.83505916595459,-10.9146146774292,0.0,2425.65105009079
49800,-36.700931549072266,156.07281494140625,151.66282653808594,12.938530921936035,-9.67959976196289,0.0,2430.2246387004852
49900,-79.9828109741211,116.66905975341797,129.44869995117188,14.136978149414062,-9.806368827819824,0.0,2435.0024065971375
50000,-69.5484619140625,120.43766784667969,125.6875991821289,13.177345275878906,-10.619369506835938,0.0,2440.0479147434235
50100,-102.5023193359375,123.8908920288086,126.04960632324219,14.64940071105957,-11.69757080078125,0.0,2445.3656828403473
50200,-44.511009216308594,146.24356079101562,153.7104034423828,14.579805374145508,-12.207691192626953,0.0,2450.0044870376587
50300,-39.211524963378906,134.78140258789062,145.79530334472656,13.991593360900879,-11.159757614135742,0.0,2452.4734506607056
50400,-15.015968322753906,144.904541015625,151.58409118652344,13.651670455932617,-9.760946273803711,0.0,2457.365881204605
50500,-55.057945251464844,126.41875457763672,128.99049377441406,13.689064025878906,-9.557934761047363,0.0,2462.1078283786774
50600,-97.54313659667969,161.96405029296875,162.36607360839844,14.183148384094238,-11.823667526245117,0.0,2466.889888525009
50700,-99.67626953125,138.9579315185547,139.39071655273438,14.768245697021484,-11.27177619934082,0.0,2472.0289108753204
50800,-41.03534698486328,120.3155288696289,122.14440155029297,14.365062713623047,-10.768901824951172,0.0,2477.5311150550842
50900,-50.87346649169922,130.55874633789062,126.39945983886719,13.997539520263672,-12.117796897888184,0.0,2480.646767139435
51000,-117.34252166748047,143.87831115722656,141.2608184814453,14.50710391998291,-11.526984214782715,0.0,2485.967451572418
51100,-60.95759963989258,161.84356689453125,170.2427978515625,12.551406860351562,-11.359772682189941,0.0,2490.1496415138245
51200,-95.3797378540039,120.70552825927734,135.3787841796875,13.717508316040039,-11.885252952575684,0.0,2496.6347992420197
51300,-75.56111907958984,134.03140258789062,139.0977020263672,14.209504127502441,-13.245064735412598,0.0,2501.4747018814087
51400,-49.713523864746094,132.93760681152344,133.64549255371094,15.402867317199707,-11.224807739257812,0.0,2506.4901745319366
51500,-45.433692932128906,119.99199676513672,119.5076904296875,13.683095932006836,-10.334563255310059,0.0,2508.56245136261
51600,-44.73558807373047,160.62123107910156,153.28640747070312,13.58502197265625,-10.07337474822998,0.0,2514.4994490146637
51700,-82.25961303710938,142.86947631835938,135.143798828125,13.877840995788574,-10.252634048461914,0.0,2519.4284625053406
51800,-80.69486999511719,125.42607116699219,127.3070068359375,14.873347282409668,-10.182205200195312,0.0,2524.692626476288
51900,-65.01823425292969,121.43507385253906,119.62489318847656,14.302366256713867,-9.657920837402344,0.0,2529.87194108963
52000,-71.88121032714844,122.78998565673828,129.5958709716797,12.003927230834961,-9.532981872558594,0.0,2535.9441859722137
52100,-103.99005889892578,108.1153564453125,112.0268325805664,14.70537281036377,-10.893938064575195,0.0,2539.088402748108
52200,-66.91712188720703,169.95497131347656,170.79177856445312,14.087103843688965,-11.007759094238281,0.0,2543.8590314388275
52300,-58.1181755065918,145.18899536132812,142.3314971923828,13.92121410369873,-10.400423049926758,0.0,2549.4163796901703
52400,-66.49822235107422,141.00274658203125,144.40252685546875,13.470216751098633,-11.680070877075195,0.0,2553.990112543106
52500,-34.65395736694336,150.75608825683594,161.25140380859375,14.831741333007812,-10.344865798950195,0.0,2560.115676164627
52600,-61.232765197753906,161.98580932617188,161.61444091796875,13.436999320983887,-11.388286590576172,0.0,2564.514726161957
52700,-50.219669342041016,131.85398864746094,132.1424102783203,13.136775016784668,-9.067083358764648,0.0,2568.8648388385773
52800,-25.17078399658203,151.73263549804688,158.22361755371094,13.074159622192383,-10.39085578918457,0.0,2571.8538274765015
52900,-64.04074096679688,133.9597930908203,149.4835968017578,14.036535263061523,-11.51864242553711,0.0,2577.4602541923523
53000,-81.05863952636719,139.9796600341797,133.2714385986328,14.265745162963867,-11.808098793029785,0.0,2583.421827316284
53100,-24.22004508972168,164.1033172607422,160.4112548828125,14.351924896240234,-8.96431827545166,0.0,2588.4285323619843
53200,-59.61743927001953,133.85902404785156,134.82095336914062,13.86851978302002,-10.293760299682617,0.0,2593.7869877815247
53300,-91.17813110351562,125.8892822265625,134.85690307617188,13.892382621765137,-10.8300142288208,0.0,2596.3229308128357
53400,-45.48591232299805,125.03846740722656,126.99251556396484,13.2664155960083,-8.413984298706055,0.0,2602.8801250457764
53500,-50.820030212402344,139.7513427734375,140.69126892089844,13.710344314575195,-9.63250732421875,0.0,2607.2426295280457
53600,-65.66797637939453,118.94325256347656,125.3597640991211,14.849954605102539,-10.821439743041992,0.0,2612.2212269306183
53700,-95.6285629272461,131.1225128173828,130.36817932128906,14.04061222076416,-11.956098556518555,0.0,2616.907143831253
53800,-32.9075927734375,132.6832275390625,136.7332000732422,14.521180152893066,-11.227180480957031,0.0,2620.841954946518
53900,-50.720890045166016,128.1006622314453,135.30709838867188,14.109604835510254,-9.334589958190918,0.0,2627.4190220832825
54000,-57.88650894165039,139.78146362304688,134.368896484375,13.414977073669434,-12.384833335876465,0.0,2629.9472336769104
54100,-84.21421813964844,162.90232849121094,161.7054901123047,12.228715896606445,-12.11139965057373,0.0,2635.3968892097473
54200,-61.234710693359375,126.35520935058594,127.45438385009766,13.190080642700195,-11.135319709777832,0.0,2640.485964536667
54300,-114.44891357421875,148.572265625,149.60733032226562,13.348482131958008,-11.867015838623047,0.0,2645.669885158539
54400,-40.182621002197266,132.16270446777344,127.87747192382812,14.895888328552246,-11.332768440246582,0.0,2651.385862827301
54500,-64.36158752441406,150.34507751464844,146.9499053955078,14.385844230651855,-11.99760627746582,0.0,2656.7012412548065
54600,-61.97703552246094,112.04971313476562,114.22484588623047,13.276026725769043,-11.281755447387695,0.0,2657.6887290477753
54700,-80.87920379638672,133.85562133789062,134.11317443847656,12.655608177185059,-9.635504722595215,0.0,2663.103259086609
54800,-81.41768646240234,116.54015350341797,118.99907684326172,12.933631896972656,-10.734203338623047,0.0,2667.6400847434998
54900,-112.60516357421875,119.26947021484375,121.82296752929688,13.50709342956543,-10.915656089782715,0.0,2673.951471567154
55000,-47.56786346435547,122.74267578125,122.4656982421875,13.728063583374023,-11.964410781860352,0.0,2679.392411708832
55100,-106.76903533935547,151.97372436523438,152.6053009033203,13.789154052734375,-12.802915573120117,0.0,2683.4902687072754
55200,-59.29558181762695,131.24105834960938,136.86671447753906,13.34529972076416,-11.69173812866211,0.0,2686.9736437797546
55300,-66.62932586669922,112.676025390625,115.1427001953125,13.389617919921875,-9.979119300842285,0.0,2691.501820087433
55400,-45.4656982421875,120.85962677001953,119.9619140625,13.511350631713867,-10.248089790344238,0.0,2695.9806864261627
55500,-35.39436340332031,122.73663330078125,119.08123779296875,13.745156288146973,-11.30612564086914,0.0,2702.562752723694
55600,-68.9654541015625,139.02366638183594,140.44261169433594,13.731575012207031,-11.554024696350098,0.0,2709.070053100586
55700,-33.02323913574219,152.2741241455078,162.51414489746094,12.356840133666992,-10.62234115600586,0.0,2715.4782140254974
55800,-33.74171829223633,112.16624450683594,111.86183166503906,13.515068054199219,-10.893142700195312,0.0,2718.024339914322
55900,-84.97078704833984,175.53903198242188,182.46585083007812,13.909914016723633,-13.033935546875,0.0,2722.83119225502
56000,-78.02800750732422,135.27476501464844,127.01947021484375,15.918919563293457,-10.809961318969727,0.0,2727.5063848495483
56100,-61.351165771484375,127.92135620117188,137.00033569335938,13.206377029418945,-11.932612419128418,0.0,2733.11652469635
56200,-71.87138366699219,131.87648010253906,130.806640625,12.648591995239258,-9.835104942321777,0.0,2738.237014770508
56300,-36.735748291015625,139.75816345214844,142.61094665527344,14.605331420898438,-10.789968490600586,0.0,2743.2796256542206
56400,-43.752113342285156,116.8104019165039,126.94157409667969,13.984066009521484,-11.242002487182617,0.0,2745.8112156391144
56500,-108.89655303955078,157.60702514648438,150.37295532226562,13.814309120178223,-11.148046493530273,0.0,2753.536300420761
56600,-88.17375946044922,148.1262969970703,152.44790649414062,13.790302276611328,-11.112550735473633,0.0,2760.1506361961365
56700,-65.83009338378906,145.2473907470703,144.06964111328125,12.546104431152344,-10.95655632019043,0.0,2765.6975820064545
56800,-114.1876220703125,134.08084106445312,156.96258544921875,12.234122276306152,-11.127635955810547,0.0,2770.9958527088165
56900,-48.096073150634766,153.61093139648438,158.09861755371094,14.111597061157227,-8.540532112121582,0.0,2774.4522745609283
57000,-57.560367584228516,169.21409606933594,169.28244018554688,12.87618637084961,-12.978188514709473,0.0,2779.498382091522
57100,-57.63992691040039,115.7220458984375,116.22850036621094,12.98248291015625,-10.171439170837402,0.0,2783.588288784027
57200,-96.48057556152344,131.30284118652344,132.61143493652344,12.353373527526855,-10.029955863952637,0.0,2789.7411165237427
57300,-55.404296875,124.05806732177734,140.75375366210938,14.247753143310547,-10.36756706237793,0.0,2795.221594810486
57400,-49.56423568725586,127.8907699584961,124.23416137695312,13.109130859375,-11.314390182495117,0.0,2801.19588804245
57500,-59.299232482910156,126.12400817871094,126.42633056640625,14.732914924621582,-11.779252052307129,0.0,2803.414907693863
57600,-56.69612121582031,130.03221130371094,130.32327270507812,12.245074272155762,-11.763954162597656,0.0,2807.6702902317047
57700,-160.7554931640625,127.94268798828125,132.3907470703125,16.328853607177734,-12.17530632019043,0.0,2812.204194545746
57800,-59.435951232910156,145.69509887695312,144.84071350097656,13.048443794250488,-12.879794120788574,0.0,2817.3270542621613
57900,-69.4889907836914,128.45846557617188,129.78146362304688,14.997756958007812,-12.649161338806152,0.0,2821.6893389225006
58000,-70.04012298583984,116.5522689819336,115.83606719970703,12.760588645935059,-11.756600379943848,0.0,2827.004774093628
58100,-47.052738189697266,138.91712951660156,136.89114379882812,13.283151626586914,-8.664023399353027,0.0,2833.6164677143097
58200,-83.62340545654297,138.68280029296875,138.62326049804688,13.792305946350098,-9.576553344726562,0.0,2836.335720062256
58300,-74.47562408447266,118.94972229003906,122.45164489746094,12.452047348022461,-8.87501335144043,0.0,2840.9521770477295
58400,-31.47507667541504,127.11299133300781,127.15570068359375,12.970766067504883,-9.303204536437988,0.0,2846.55157327652
58500,-64.99591827392578,120.13082122802734,124.02926635742188,12.937060356140137,-12.417542457580566,0.0,2851.5905377864838
58600,-63.74074172973633,145.8041534423828,133.05047607421875,13.875268936157227,-12.009550094604492,0.0,2856.0044746398926
58700,-87.82814025878906,115.4044189453125,122.90327453613281,13.27234935760498,-8.866418838500977,0.0,2860.7334179878235
58800,-66.93140411376953,127.79451751708984,127.6159896850586,13.302519798278809,-10.189859390258789,0.0,2862.7029840946198
58900,-53.831809997558594,121.71285247802734,124.09779357910156,13.092628479003906,-9.695388793945312,0.0,2867.908298969269
59000,-56.809669494628906,124.57351684570312,128.97401428222656,13.423267364501953,-9.938897132873535,0.0,2874.556603908539
59100,-62.958038330078125,117.06951904296875,120.08514404296875,14.77486801147461,-11.484944343566895,0.0,2879.2901751995087
59200,-59.20808792114258,120.25076293945312,116.41047668457031,13.075422286987305,-11.2901611328125,0.0,2884.393418073654
59300,-10.025733947753906,118.40113067626953,126.29308319091797,14.705810546875,-9.919638633728027,0.0,2890.622967004776
59400,-51.65586471557617,134.49032592773438,128.07354736328125,13.31370735168457,-9.667710304260254,0.0,2894.930759191513
59500,-61.19230651855469,145.04705810546875,143.4645538330078,15.636188507080078,-12.506269454956055,0.0,2901.4368288517
59600,-99.09577941894531,119.9695816040039,119.87922668457031,12.698408126831055,-9.956079483032227,0.0,2907.8808646202087
59700,-109.8038330078125,124.3268814086914,117.87065887451172,13.212669372558594,-11.514493942260742,0.0,2912.1147887706757
59800,-47.009544372558594,149.05792236328125,153.19871520996094,13.029601097106934,-11.686959266662598,0.0,2918.788224697113
59900,-95.33546447753906,132.32183837890625,136.27304077148438,13.952386856079102,-11.664999961853027,0.0,2922.303988456726
60000,-66.18571472167969,119.8310775756836,123.96219635009766,15.482050895690918,-11.990307807922363,0.0,2926.717094182968
